{"stats":{"minecraft:killed":{"minecraft:cod":7,"minecraft:zombie_horse":4,"minecraft:shulker":14,"minecraft:skeleton":9,"minecraft:guardian":1,"minecraft:fox":4,"minecraft:chicken":13,"minecraft:tropical_fish":13,"minecraft:cat":3,"minecraft:magma_cube":25,"minecraft:parrot":9,"minecraft:pillager":1,"minecraft:donkey":1,"minecraft:zombie":1,"minecraft:cow":10,"minecraft:evoker":4,"minecraft:zombie_pigman":9,"minecraft:vindicator":2,"minecraft:horse":17,"minecraft:ocelot":2,"minecraft:rabbit":9,"minecraft:wandering_trader":2,"minecraft:enderman":1,"minecraft:witch":1,"minecraft:spider":9,"minecraft:silverfish":1,"minecraft:illusioner":1,"minecraft:turtle":2,"minecraft:wolf":9,"minecraft:pig":2,"minecraft:zombie_villager":11,"minecraft:creeper":1,"minecraft:sheep":33,"minecraft:trader_llama":2,"minecraft:mooshroom":2,"minecraft:stray":3,"minecraft:slime":23,"minecraft:panda":1,"minecraft:llama":28,"minecraft:bat":14,"minecraft:wither_skeleton":2,"minecraft:villager":30},"minecraft:mined":{"minecraft:white_bed":19,"minecraft:pink_bed":1,"minecraft:light_gray_bed":2,"minecraft:orange_bed":4,"minecraft:red_bed":2,"minecraft:magenta_bed":2,"minecraft:black_bed":1,"minecraft:redstone_wire":2,"minecraft:purple_bed":2,"minecraft:light_blue_bed":3,"minecraft:brown_bed":1,"minecraft:green_bed":3,"minecraft:beetroots":1,"minecraft:blue_bed":1,"minecraft:lime_bed":2,"minecraft:gray_bed":1},"minecraft:crafted":{"minecraft:emerald":2,"minecraft:leather_helmet":4,"minecraft:enchanted_book":1,"minecraft:leather_horse_armor":1,"minecraft:suspicious_stew":1,"minecraft:air":0},"minecraft:used":{"minecraft:peony":2,"minecraft:music_disc_far":5,"minecraft:nether_brick_fence":16,"minecraft:jack_o_lantern":5,"minecraft:writable_book":56,"minecraft:spruce_slab":18,"minecraft:dead_horn_coral_block":2,"minecraft:red_sandstone_slab":17,"minecraft:dispenser":39,"minecraft:poppy":3,"minecraft:ladder":13,"minecraft:green_banner":30,"minecraft:chest":43,"minecraft:stone":1482,"minecraft:white_shulker_box":5,"minecraft:quartz_stairs":136,"minecraft:farmland":126,"minecraft:tube_coral":5,"minecraft:chiseled_red_sandstone":3,"minecraft:soul_sand":96,"minecraft:lily_of_the_valley":2,"minecraft:brick_slab":47,"minecraft:jungle_slab":21,"minecraft:allium":5,"minecraft:orange_wool":15,"minecraft:acacia_sapling":4,"minecraft:acacia_button":43,"minecraft:azure_bluet":3,"minecraft:stripped_spruce_log":15,"minecraft:spruce_boat":21,"minecraft:jungle_sapling":2,"minecraft:packed_ice":9,"minecraft:honey_block":2,"minecraft:lava_bucket":65,"minecraft:quartz_pillar":326,"minecraft:jungle_fence_gate":4,"minecraft:red_wool":30,"minecraft:black_stained_glass_pane":1,"minecraft:grass_block":1316,"minecraft:quartz_block":194,"minecraft:wet_sponge":4,"minecraft:music_disc_chirp":2,"minecraft:dark_oak_leaves":1,"minecraft:dark_oak_button":139,"minecraft:pink_wool":21,"minecraft:stone_brick_stairs":120,"minecraft:infested_mossy_stone_bricks":1,"minecraft:snow":49,"minecraft:bow":13,"minecraft:sweet_berries":1,"minecraft:yellow_glazed_terracotta":20,"minecraft:oak_sapling":4,"minecraft:furnace":48,"minecraft:acacia_fence":21,"minecraft:dragon_head":6,"minecraft:seagrass":11,"minecraft:green_stained_glass_pane":1,"minecraft:dead_brain_coral_fan":3,"minecraft:dark_prismarine_stairs":13,"minecraft:lime_glazed_terracotta":22,"minecraft:spider_spawn_egg":2,"minecraft:emerald_ore":9,"minecraft:mossy_stone_bricks":2,"minecraft:diorite":10,"minecraft:end_stone_bricks":20,"minecraft:spruce_door":12,"minecraft:stripped_birch_log":57,"minecraft:infested_stone":1,"minecraft:powered_rail":40,"minecraft:prismarine":83,"minecraft:lily_pad":25,"minecraft:cactus":14,"minecraft:orange_tulip":1,"minecraft:black_glazed_terracotta":37,"minecraft:jungle_pressure_plate":5,"minecraft:composter":2,"minecraft:clay":92,"minecraft:purpur_pillar":51,"minecraft:oak_leaves":1,"minecraft:purpur_stairs":60,"minecraft:sand":536,"minecraft:blast_furnace":7,"minecraft:smooth_red_sandstone":6,"minecraft:blue_ice":32,"minecraft:acacia_leaves":20,"minecraft:chiseled_quartz_block":165,"minecraft:pumpkin_seeds":2,"minecraft:birch_fence":106,"minecraft:red_sandstone":31,"minecraft:chiseled_sandstone":44,"minecraft:birch_slab":82,"minecraft:zombie_head":3,"minecraft:stone_button":1892,"minecraft:lectern":14,"minecraft:white_glazed_terracotta":72,"minecraft:polished_granite":52,"minecraft:oak_pressure_plate":4,"minecraft:diamond_ore":31,"minecraft:cut_red_sandstone":1,"minecraft:lilac":10,"minecraft:nether_wart_block":39,"minecraft:diamond_sword":841,"minecraft:coal_block":4,"minecraft:smithing_table":32,"minecraft:bubble_coral_block":8,"minecraft:white_stained_glass":7,"minecraft:birch_log":2,"minecraft:ice":1,"minecraft:oak_boat":1,"minecraft:purple_wool":27,"minecraft:iron_bars":105,"minecraft:enchanting_table":15,"minecraft:dead_tube_coral_block":14,"minecraft:acacia_log":14,"minecraft:dead_bush":4,"minecraft:orange_concrete":75,"minecraft:brain_coral_fan":6,"minecraft:carved_pumpkin":7,"minecraft:red_concrete":15,"minecraft:armor_stand":96,"minecraft:light_gray_carpet":1,"minecraft:mycelium":45,"minecraft:torch":24,"minecraft:structure_block":398,"minecraft:netherrack":273,"minecraft:green_glazed_terracotta":23,"minecraft:orange_bed":1,"minecraft:orange_stained_glass":22,"minecraft:brewing_stand":20,"minecraft:anvil":13,"minecraft:chorus_flower":19,"minecraft:nether_quartz_ore":33,"minecraft:stone_stairs":1,"minecraft:nether_brick_slab":5,"minecraft:light_gray_glazed_terracotta":32,"minecraft:yellow_carpet":4,"minecraft:blue_concrete":28,"minecraft:dead_brain_coral_block":5,"minecraft:nether_brick_stairs":4,"minecraft:oak_fence_gate":3,"minecraft:polished_diorite":128,"minecraft:fern":4,"minecraft:sea_lantern":314,"minecraft:chipped_anvil":3,"minecraft:cyan_shulker_box":1,"minecraft:iron_block":156,"minecraft:light_weighted_pressure_plate":17,"minecraft:spruce_button":41,"minecraft:slime_block":93,"minecraft:brick_stairs":9,"minecraft:spawner":8,"minecraft:jungle_log":13,"minecraft:smooth_quartz":1450,"minecraft:barrel":17,"minecraft:prismarine_slab":15,"minecraft:bamboo":13,"minecraft:blaze_spawn_egg":1,"minecraft:tripwire_hook":9,"minecraft:purple_concrete":25,"minecraft:glowstone":1682,"minecraft:lime_concrete":34,"minecraft:magenta_wool":12,"minecraft:tall_grass":1,"minecraft:gray_glazed_terracotta":58,"minecraft:iron_trapdoor":14,"minecraft:podzol":9,"minecraft:trapped_chest":17,"minecraft:acacia_planks":11,"minecraft:observer":101,"minecraft:dead_bubble_coral_fan":1,"minecraft:horn_coral_fan":5,"minecraft:wheat_seeds":3,"minecraft:water_bucket":296,"minecraft:yellow_banner":2,"minecraft:light_blue_shulker_box":3,"minecraft:tube_coral_block":48,"minecraft:light_blue_glazed_terracotta":26,"minecraft:sandstone_stairs":66,"minecraft:prismarine_brick_slab":53,"minecraft:birch_planks":13,"minecraft:lead":6,"minecraft:yellow_shulker_box":3,"minecraft:lime_wool":25,"minecraft:bubble_coral_fan":4,"minecraft:cartography_table":4,"minecraft:red_mushroom_block":57,"minecraft:cauldron":11,"minecraft:fletching_table":3,"minecraft:sheep_spawn_egg":22,"minecraft:spruce_fence_gate":2,"minecraft:gold_ore":59,"minecraft:conduit":7,"minecraft:cracked_stone_bricks":2,"minecraft:mossy_cobblestone":30,"minecraft:diamond_block":44,"minecraft:orange_carpet":30,"minecraft:rail":117,"minecraft:comparator":40,"minecraft:vine":10,"minecraft:crafting_table":17,"minecraft:oak_slab":77,"minecraft:tnt":20,"minecraft:cyan_glazed_terracotta":34,"minecraft:birch_sign":15,"minecraft:white_bed":13,"minecraft:campfire":6,"minecraft:fire_coral":3,"minecraft:cake":5,"minecraft:spruce_log":17,"minecraft:mushroom_stem":27,"minecraft:oak_log":123,"minecraft:blue_stained_glass_pane":16,"minecraft:dark_prismarine":92,"minecraft:ender_eye":18,"minecraft:cornflower":4,"minecraft:oxeye_daisy":1,"minecraft:sunflower":4,"minecraft:oak_button":9,"minecraft:tnt_minecart":1,"minecraft:spruce_pressure_plate":7,"minecraft:cyan_concrete":99,"minecraft:purpur_slab":4,"minecraft:spruce_trapdoor":8,"minecraft:magenta_concrete_powder":15,"minecraft:spruce_sapling":2,"minecraft:music_disc_blocks":1,"minecraft:chiseled_stone_bricks":20,"minecraft:cobblestone":94,"minecraft:orange_banner":1,"minecraft:acacia_pressure_plate":12,"minecraft:red_concrete_powder":5,"minecraft:andesite_stairs":22,"minecraft:glass_pane":150,"minecraft:sandstone_slab":67,"minecraft:repeating_command_block":194,"minecraft:end_portal_frame":21,"minecraft:kelp":79,"minecraft:dandelion":15,"minecraft:brown_mushroom_block":37,"minecraft:jukebox":16,"minecraft:green_stained_glass":2,"minecraft:light_blue_stained_glass_pane":3,"minecraft:red_sand":34,"minecraft:iron_shovel":3,"minecraft:melon":322,"minecraft:dead_tube_coral_fan":8,"minecraft:bone_block":11,"minecraft:diamond_hoe":12,"minecraft:oak_sign":1606,"minecraft:white_concrete_powder":2,"minecraft:white_terracotta":499,"minecraft:zombie_spawn_egg":1,"minecraft:creeper_head":4,"minecraft:bubble_coral":2,"minecraft:bell":1,"minecraft:grass":8,"minecraft:player_head":9,"minecraft:smooth_sandstone_stairs":2,"minecraft:debug_stick":87,"minecraft:spruce_leaves":15,"minecraft:nether_bricks":6,"minecraft:orange_glazed_terracotta":50,"minecraft:jungle_planks":3,"minecraft:prismarine_brick_stairs":4,"minecraft:carrot":1,"minecraft:furnace_minecart":15,"minecraft:beehive":16,"minecraft:music_disc_13":1,"minecraft:obsidian":363,"minecraft:red_sandstone_stairs":9,"minecraft:glass":279,"minecraft:bricks":3,"minecraft:coal_ore":8,"minecraft:quartz_slab":287,"minecraft:spruce_wood":9,"minecraft:lantern":3,"minecraft:blue_orchid":10,"minecraft:green_wool":53,"minecraft:light_blue_bed":1,"minecraft:mossy_cobblestone_slab":1,"minecraft:hopper_minecart":4,"minecraft:stone_bricks":90,"minecraft:item_frame":135,"minecraft:bedrock":51,"minecraft:birch_trapdoor":1,"minecraft:golden_sword":6,"minecraft:repeater":52,"minecraft:redstone_lamp":392,"minecraft:honeycomb_block":2,"minecraft:magma_block":56,"minecraft:horn_coral":2,"minecraft:written_book":484,"minecraft:hay_block":22,"minecraft:scaffolding":36,"minecraft:infested_cracked_stone_bricks":1,"minecraft:gold_block":45,"minecraft:skeleton_skull":5,"minecraft:pink_concrete_powder":1,"minecraft:fire_coral_fan":8,"minecraft:stripped_spruce_wood":15,"minecraft:tube_coral_fan":24,"minecraft:end_rod":36,"minecraft:dropper":19,"minecraft:wither_skeleton_skull":4,"minecraft:birch_leaves":1,"minecraft:jungle_fence":2,"minecraft:oak_planks":218,"minecraft:prismarine_stairs":12,"minecraft:ender_pearl":1,"minecraft:sandstone":321,"minecraft:redstone_block":2306,"minecraft:structure_void":80,"minecraft:sugar_cane":15,"minecraft:brain_coral":3,"minecraft:white_wool":164,"minecraft:light_blue_concrete":82,"minecraft:yellow_terracotta":4,"minecraft:infested_chiseled_stone_bricks":1,"minecraft:lime_stained_glass_pane":12,"minecraft:loom":7,"minecraft:light_blue_wool":7,"minecraft:light_gray_terracotta":12,"minecraft:yellow_concrete":40,"minecraft:sponge":130,"minecraft:note_block":15,"minecraft:lingering_potion":1,"minecraft:shulker_spawn_egg":1,"minecraft:end_stone":275,"minecraft:redstone_torch":82,"minecraft:sticky_piston":202,"minecraft:black_terracotta":6,"minecraft:dead_fire_coral_fan":2,"minecraft:blue_glazed_terracotta":16,"minecraft:lever":187,"minecraft:green_concrete":3,"minecraft:black_concrete":4,"minecraft:firework_rocket":1,"minecraft:daylight_detector":14,"minecraft:acacia_door":3,"minecraft:dark_oak_log":2,"minecraft:light_gray_concrete":65,"minecraft:lime_carpet":2,"minecraft:heavy_weighted_pressure_plate":3,"minecraft:string":12,"minecraft:barrier":1305,"minecraft:iron_door":8,"minecraft:gravel":21,"minecraft:jungle_sign":10,"minecraft:light_blue_concrete_powder":2,"minecraft:dead_horn_coral_fan":1,"minecraft:grindstone":4,"minecraft:andesite":6,"minecraft:mossy_cobblestone_wall":20,"minecraft:smooth_stone_slab":338,"minecraft:chest_minecart":1,"minecraft:white_concrete":1458,"minecraft:tropical_fish_bucket":3,"minecraft:coarse_dirt":5,"minecraft:bone_meal":198,"minecraft:cobweb":64,"minecraft:oak_fence":23,"minecraft:purpur_block":29,"minecraft:petrified_oak_slab":1,"minecraft:trident":1,"minecraft:jungle_leaves":7,"minecraft:rose_bush":8,"minecraft:white_tulip":1,"minecraft:flint_and_steel":36,"minecraft:redstone_ore":8,"minecraft:redstone":542,"minecraft:spruce_planks":19,"minecraft:ender_chest":8,"minecraft:stripped_birch_wood":1,"minecraft:dried_kelp_block":1027,"minecraft:oak_door":7,"minecraft:dirt":434,"minecraft:white_carpet":18,"minecraft:hopper":43,"minecraft:prismarine_bricks":81,"minecraft:spruce_stairs":27,"minecraft:cobblestone_wall":21,"minecraft:oak_wood":10,"minecraft:shulker_box":6,"minecraft:bee_nest":6,"minecraft:spruce_fence":9,"minecraft:granite":7,"minecraft:andesite_wall":1,"minecraft:birch_door":8,"minecraft:stone_brick_slab":104,"minecraft:dark_oak_planks":2,"minecraft:red_tulip":2,"minecraft:light_gray_stained_glass":1,"minecraft:bookshelf":175,"minecraft:yellow_stained_glass":3,"minecraft:oak_stairs":18,"minecraft:smooth_sandstone":1475,"minecraft:acacia_slab":5,"minecraft:magma_cube_spawn_egg":5,"minecraft:yellow_concrete_powder":6,"minecraft:light_gray_wool":57,"minecraft:emerald_block":18,"minecraft:dark_oak_pressure_plate":1,"minecraft:lime_stained_glass":11,"minecraft:white_stained_glass_pane":38,"minecraft:minecart":36,"minecraft:infested_cobblestone":1,"minecraft:cyan_banner":7,"minecraft:horn_coral_block":14,"minecraft:stone_pressure_plate":5,"minecraft:dead_bubble_coral_block":2,"minecraft:orange_stained_glass_pane":29,"minecraft:turtle_egg":10,"minecraft:pumpkin":146,"minecraft:brain_coral_block":43,"minecraft:acacia_boat":6,"minecraft:jigsaw":7,"minecraft:iron_ore":11,"minecraft:pink_tulip":4,"minecraft:cobblestone_stairs":4,"minecraft:pink_glazed_terracotta":25,"minecraft:snow_block":301,"minecraft:polished_andesite":8,"minecraft:red_nether_bricks":4,"minecraft:blue_wool":3,"minecraft:andesite_slab":7,"minecraft:purple_glazed_terracotta":20,"minecraft:cut_sandstone":25,"minecraft:brown_mushroom":4,"minecraft:magenta_stained_glass":4,"minecraft:beacon":38,"minecraft:stonecutter":6,"minecraft:red_glazed_terracotta":27,"minecraft:cobblestone_slab":17,"minecraft:rabbit_spawn_egg":1,"minecraft:terracotta":49,"minecraft:music_disc_cat":1,"minecraft:dark_prismarine_slab":21,"minecraft:lime_bed":1,"minecraft:dead_fire_coral_block":4,"minecraft:red_mushroom":4,"minecraft:yellow_stained_glass_pane":12,"minecraft:polar_bear_spawn_egg":14,"minecraft:brown_glazed_terracotta":32,"minecraft:painting":322,"minecraft:infested_stone_bricks":3,"minecraft:smoker":12,"minecraft:dark_oak_door":2,"minecraft:piston":18,"minecraft:wooden_hoe":1,"minecraft:flower_pot":42,"minecraft:activator_rail":22,"minecraft:command_block":1838,"minecraft:map":2,"minecraft:lapis_ore":9,"minecraft:detector_rail":19,"minecraft:jungle_stairs":4,"minecraft:stone_slab":17,"minecraft:yellow_wool":6,"minecraft:acacia_fence_gate":6,"minecraft:magenta_banner":15,"minecraft:brown_stained_glass_pane":1,"minecraft:fishing_rod":4,"minecraft:fire_coral_block":6,"minecraft:green_shulker_box":1,"minecraft:end_crystal":4,"minecraft:cyan_stained_glass_pane":103,"minecraft:white_banner":3,"minecraft:jungle_door":3,"minecraft:lapis_block":157,"minecraft:chain_command_block":3803,"minecraft:grass_path":24,"minecraft:magenta_glazed_terracotta":50,"minecraft:yellow_bed":18,"minecraft:wither_rose":11,"minecraft:sea_pickle":9,"minecraft:smooth_stone":70,"minecraft:splash_potion":5,"minecraft:birch_stairs":54},"minecraft:dropped":{"minecraft:piston":8,"minecraft:lapis_lazuli":96,"minecraft:lime_stained_glass":1,"minecraft:red_sandstone":64,"minecraft:black_bed":2,"minecraft:quartz_pillar":2,"minecraft:dragon_breath":1,"minecraft:rail":64,"minecraft:item_frame":64,"minecraft:light_weighted_pressure_plate":9,"minecraft:gold_block":65,"minecraft:dirt":2292,"minecraft:birch_fence":1,"minecraft:stone_button":138,"minecraft:yellow_dye":1,"minecraft:writable_book":4,"minecraft:sand":1,"minecraft:fishing_rod":1,"minecraft:tropical_fish_bucket":1,"minecraft:dark_oak_door":64,"minecraft:note_block":64,"minecraft:magenta_banner":16,"minecraft:lever":130,"minecraft:detector_rail":64,"minecraft:obsidian":1,"minecraft:oak_planks":3,"minecraft:nether_brick_fence":1,"minecraft:acacia_button":2,"minecraft:sea_lantern":1,"minecraft:coal_ore":63,"minecraft:quartz_block":64,"minecraft:hopper":64,"minecraft:acacia_sapling":128,"minecraft:end_stone_bricks":1,"minecraft:campfire":64,"minecraft:stone_brick_stairs":1,"minecraft:lectern":128,"minecraft:enchanted_book":4,"minecraft:gray_stained_glass_pane":1,"minecraft:clock":65,"minecraft:oak_fence":3,"minecraft:barrier":4,"minecraft:cobblestone":69,"minecraft:book":34,"minecraft:granite":63,"minecraft:command_block":24,"minecraft:polished_andesite":63,"minecraft:dried_kelp_block":2,"minecraft:gray_wool":1,"minecraft:ink_sac":64,"minecraft:lapis_ore":63,"minecraft:potion":9,"minecraft:dead_bush":64,"minecraft:smooth_stone":1,"minecraft:smooth_sandstone":1,"minecraft:purpur_pillar":1,"minecraft:jungle_fence_gate":2,"minecraft:cocoa_beans":15,"minecraft:sticky_piston":1,"minecraft:grass_path":1,"minecraft:structure_block":5,"minecraft:light_gray_concrete":1,"minecraft:white_terracotta":3,"minecraft:oak_sign":9,"minecraft:diamond_sword":4,"minecraft:stone":148,"minecraft:spruce_boat":1,"minecraft:diamond_pickaxe":1,"minecraft:redstone_torch":3,"minecraft:stone_pressure_plate":3,"minecraft:sandstone":65,"minecraft:magma_block":64,"minecraft:dark_prismarine":1,"minecraft:red_sandstone_stairs":64,"minecraft:magma_cube_spawn_egg":1,"minecraft:gold_ore":64,"minecraft:dark_oak_sapling":64,"minecraft:tube_coral_fan":1,"minecraft:iron_horse_armor":1,"minecraft:bedrock":64,"minecraft:redstone_lamp":1,"minecraft:cut_sandstone":65,"minecraft:black_concrete":1,"minecraft:acacia_door":64,"minecraft:gold_ingot":2,"minecraft:armor_stand":17,"minecraft:gravel":67,"minecraft:stray_spawn_egg":1,"minecraft:birch_trapdoor":64,"minecraft:dropper":128,"minecraft:horn_coral_fan":64,"minecraft:glowstone":6,"minecraft:chest":4,"minecraft:iron_ore":64,"minecraft:iron_bars":1,"minecraft:prismarine_bricks":1,"minecraft:chain_command_block":16,"minecraft:written_book":89,"minecraft:polished_granite":63,"minecraft:netherrack":1,"minecraft:spawner":1,"minecraft:water_bucket":7,"minecraft:red_concrete_powder":64,"minecraft:minecart":2,"minecraft:observer":2,"minecraft:spruce_stairs":1,"minecraft:grass_block":68,"minecraft:spruce_fence_gate":1,"minecraft:iron_block":1,"minecraft:diorite":31,"minecraft:repeater":1,"minecraft:nether_wart_block":3,"minecraft:white_concrete":71,"minecraft:smooth_quartz":3,"minecraft:tripwire_hook":1,"minecraft:chiseled_sandstone":65,"minecraft:lapis_block":128,"minecraft:redstone_block":259,"minecraft:redstone":7,"minecraft:polished_diorite":31,"minecraft:nether_wart":59,"minecraft:chiseled_quartz_block":1,"minecraft:light_gray_terracotta":1,"minecraft:comparator":65,"minecraft:glass_pane":64,"minecraft:acacia_leaves":59,"minecraft:snow":2,"minecraft:andesite":63,"minecraft:oak_boat":54,"minecraft:beacon":1},"minecraft:custom":{"minecraft:interact_with_crafting_table":30,"minecraft:open_barrel":22,"minecraft:bell_ring":15,"minecraft:eat_cake_slice":2,"minecraft:leave_game":262,"minecraft:time_since_death":4535781,"minecraft:deaths":38,"minecraft:jump":7636,"minecraft:interact_with_furnace":82,"minecraft:play_record":10,"minecraft:traded_with_villager":3,"minecraft:interact_with_cartography_table":18,"minecraft:sleep_in_bed":1,"minecraft:damage_dealt":44857,"minecraft:interact_with_smoker":17,"minecraft:inspect_dispenser":72,"minecraft:horse_one_cm":30411,"minecraft:inspect_dropper":22,"minecraft:inspect_hopper":183,"minecraft:sneak_time":480146,"minecraft:interact_with_lectern":17,"minecraft:interact_with_blast_furnace":5,"minecraft:tune_noteblock":101,"minecraft:interact_with_stonecutter":37,"minecraft:time_since_rest":4535811,"minecraft:swim_one_cm":2629,"minecraft:fly_one_cm":82166424,"minecraft:open_chest":69,"minecraft:fish_caught":1,"minecraft:fall_one_cm":2929,"minecraft:open_shulker_box":17,"minecraft:sprint_one_cm":45809,"minecraft:drop":492,"minecraft:talked_to_villager":187,"minecraft:interact_with_brewingstand":94,"minecraft:walk_on_water_one_cm":201274,"minecraft:play_one_minute":31327340,"minecraft:interact_with_loom":24,"minecraft:open_enderchest":12,"minecraft:interact_with_beacon":30,"minecraft:crouch_one_cm":7329,"minecraft:mob_kills":355,"minecraft:climb_one_cm":372,"minecraft:walk_one_cm":7662566,"minecraft:walk_under_water_one_cm":1904437,"minecraft:pot_flower":17,"minecraft:interact_with_grindstone":5,"minecraft:damage_taken":2425,"minecraft:trigger_trapped_chest":22,"minecraft:minecart_one_cm":866},"minecraft:picked_up":{"minecraft:iron_chestplate":1,"minecraft:birch_door":13,"minecraft:diamond_sword":3,"minecraft:magenta_carpet":8,"minecraft:lead":81,"minecraft:brown_bed":2,"minecraft:birch_button":3,"minecraft:music_disc_cat":1,"minecraft:pufferfish":1,"minecraft:beetroot":3,"minecraft:written_book":21,"minecraft:hopper_minecart":2,"minecraft:enchanted_golden_apple":3,"minecraft:dark_oak_door":15,"minecraft:spruce_pressure_plate":2,"minecraft:golden_helmet":1,"minecraft:green_bed":3,"minecraft:pink_carpet":7,"minecraft:golden_chestplate":1,"minecraft:brown_carpet":8,"minecraft:orange_bed":4,"minecraft:lime_carpet":4,"minecraft:command_block":4,"minecraft:light_gray_bed":1,"minecraft:iron_block":1,"minecraft:red_tulip":2,"minecraft:blue_dye":1,"minecraft:end_rod":2,"minecraft:white_terracotta":3,"minecraft:iron_bars":49,"minecraft:snowball":2,"minecraft:feather":4,"minecraft:magma_block":1,"minecraft:barrier":2,"minecraft:iron_door":1,"minecraft:water_bucket":7,"minecraft:acacia_leaves":256,"minecraft:magenta_bed":3,"minecraft:purple_carpet":6,"minecraft:chipped_anvil":1,"minecraft:dropper":64,"minecraft:polished_andesite":64,"minecraft:lever":79,"minecraft:writable_book":7,"minecraft:granite":64,"minecraft:spruce_button":16,"minecraft:golden_horse_armor":5,"minecraft:blue_banner":1,"minecraft:light_gray_carpet":6,"minecraft:nether_wart":115,"minecraft:leather_leggings":2,"minecraft:acacia_button":25,"minecraft:purpur_block":1,"minecraft:red_bed":2,"minecraft:acacia_door":86,"minecraft:snow":2,"minecraft:white_carpet":16,"minecraft:iron_shovel":23,"minecraft:beef":2,"minecraft:poppy":1,"minecraft:minecart":2,"minecraft:chest":19,"minecraft:egg":13,"minecraft:stone":173,"minecraft:oak_door":15,"minecraft:white_dye":1,"minecraft:carrot":29,"minecraft:redstone":222,"minecraft:blue_carpet":5,"minecraft:repeating_command_block":1,"minecraft:beetroot_seeds":16,"minecraft:gold_ingot":6,"minecraft:white_shulker_box":1,"minecraft:mutton":23,"minecraft:rail":171,"minecraft:white_wool":13,"minecraft:oxeye_daisy":2,"minecraft:lapis_ore":64,"minecraft:lime_bed":3,"minecraft:clock":2,"minecraft:yellow_dye":2,"minecraft:red_mushroom":2,"minecraft:purpur_stairs":1,"minecraft:lily_pad":5,"minecraft:jungle_button":2,"minecraft:golden_boots":1,"minecraft:blue_bed":1,"minecraft:birch_pressure_plate":1,"minecraft:kelp":25,"minecraft:music_disc_far":2,"minecraft:iron_ore":64,"minecraft:gray_bed":1,"minecraft:chain_command_block":6,"minecraft:daylight_detector":1,"minecraft:yellow_concrete":1,"minecraft:gravel":68,"minecraft:spruce_sapling":2,"minecraft:sea_lantern":1,"minecraft:leather_helmet":2,"minecraft:firework_rocket":1,"minecraft:coal_ore":64,"minecraft:purple_bed":2,"minecraft:polished_diorite":31,"minecraft:light_blue_carpet":7,"minecraft:painting":133,"minecraft:gray_wool":2,"minecraft:oak_button":9,"minecraft:melon_seeds":5,"minecraft:pink_dye":5,"minecraft:black_carpet":6,"minecraft:wheat":3,"minecraft:redstone_block":199,"minecraft:yellow_wool":1,"minecraft:potion":16,"minecraft:stone_brick_stairs":1,"minecraft:lapis_block":64,"minecraft:sticky_piston":65,"minecraft:armor_stand":1,"minecraft:iron_leggings":11,"minecraft:oak_sign":202,"minecraft:sea_pickle":16,"minecraft:activator_rail":133,"minecraft:smooth_stone":64,"minecraft:comparator":68,"minecraft:light_weighted_pressure_plate":10,"minecraft:redstone_torch":102,"minecraft:smooth_quartz":2,"minecraft:iron_boots":1,"minecraft:jungle_door":9,"minecraft:birch_trapdoor":64,"minecraft:torch":3,"minecraft:diorite":32,"minecraft:quartz_block":64,"minecraft:cactus":25,"minecraft:leather_horse_armor":47,"minecraft:obsidian":1,"minecraft:cobblestone":88,"minecraft:leather_chestplate":2,"minecraft:repeater":3,"minecraft:andesite":64,"minecraft:black_bed":11,"minecraft:orange_carpet":8,"minecraft:golden_leggings":1,"minecraft:chiseled_quartz_block":1,"minecraft:beacon":1,"minecraft:potato":70,"minecraft:magenta_dye":1,"minecraft:prismarine_bricks":1,"minecraft:green_shulker_box":4,"minecraft:lapis_lazuli":65,"minecraft:dirt":4856,"minecraft:polished_granite":64,"minecraft:leather_boots":2,"minecraft:orange_tulip":1,"minecraft:wheat_seeds":23,"minecraft:powered_rail":30,"minecraft:oak_planks":7,"minecraft:oak_pressure_plate":1,"minecraft:sand":17,"minecraft:grass_block":4,"minecraft:cyan_bed":1,"minecraft:shulker_box":1,"minecraft:jungle_leaves":4,"minecraft:light_gray_concrete":1,"minecraft:yellow_carpet":4,"minecraft:diamond":3,"minecraft:spruce_boat":1,"minecraft:white_concrete":2,"minecraft:bone_meal":2,"minecraft:golden_apple":5,"minecraft:oak_sapling":10,"minecraft:parrot_spawn_egg":1,"minecraft:chorus_fruit":4,"minecraft:oak_leaves":4,"minecraft:fishing_rod":3,"minecraft:cocoa_beans":22,"minecraft:allium":2,"minecraft:azure_bluet":1,"minecraft:chicken":1,"minecraft:ladder":2,"minecraft:structure_block":1,"minecraft:brown_mushroom":3,"minecraft:diamond_horse_armor":4,"minecraft:magma_cube_spawn_egg":1,"minecraft:dragon_breath":1,"minecraft:quartz_slab":7,"minecraft:item_frame":158,"minecraft:birch_fence":1,"minecraft:cyan_carpet":3,"minecraft:blue_orchid":1,"minecraft:detector_rail":6,"minecraft:oak_boat":1003,"minecraft:observer":2,"minecraft:lectern":128,"minecraft:sugar_cane":36,"minecraft:end_stone":6,"minecraft:quartz_pillar":2,"minecraft:stone_button":301,"minecraft:light_blue_bed":3,"minecraft:iron_horse_armor":6,"minecraft:stone_pressure_plate":67,"minecraft:red_shulker_box":12,"minecraft:pumpkin_pie":1,"minecraft:saddle":3,"minecraft:lime_stained_glass":1,"minecraft:dark_oak_button":15,"minecraft:magenta_banner":3,"minecraft:leather":5,"minecraft:bedrock":65,"minecraft:yellow_bed":5,"minecraft:smooth_sandstone":2,"minecraft:red_carpet":3,"minecraft:gray_carpet":3,"minecraft:fire_coral_block":2,"minecraft:rabbit_hide":1,"minecraft:iron_ingot":3,"minecraft:acacia_sapling":10,"minecraft:music_disc_chirp":2,"minecraft:book":64,"minecraft:scaffolding":6,"minecraft:pink_bed":2,"minecraft:pumpkin":1,"minecraft:dandelion":2,"minecraft:white_bed":5,"minecraft:gold_ore":129,"minecraft:green_carpet":6,"minecraft:spruce_door":23,"minecraft:pumpkin_seeds":65,"minecraft:dried_kelp_block":2,"minecraft:iron_helmet":1,"minecraft:coal":64}},"DataVersion":2230}