{"stats":{"minecraft:mined":{"minecraft:cyan_bed":2,"minecraft:purple_bed":1,"minecraft:lime_bed":2},"minecraft:custom":{"minecraft:interact_with_crafting_table":3,"minecraft:leave_game":27,"minecraft:time_since_death":12702,"minecraft:deaths":11,"minecraft:jump":8052,"minecraft:enchant_item":4,"minecraft:interact_with_furnace":85,"minecraft:sleep_in_bed":2,"minecraft:damage_dealt":23726,"minecraft:inspect_dispenser":4,"minecraft:horse_one_cm":735470,"minecraft:inspect_dropper":6,"minecraft:inspect_hopper":17,"minecraft:sneak_time":206187,"minecraft:tune_noteblock":43,"minecraft:time_since_rest":12725,"minecraft:swim_one_cm":240406,"minecraft:fly_one_cm":34286432,"minecraft:open_chest":54,"minecraft:fall_one_cm":1342,"minecraft:open_shulker_box":16,"minecraft:sprint_one_cm":706854,"minecraft:drop":1780,"minecraft:talked_to_villager":5,"minecraft:interact_with_brewingstand":133,"minecraft:walk_on_water_one_cm":192190,"minecraft:play_one_minute":4817063,"minecraft:open_enderchest":3,"minecraft:interact_with_beacon":9,"minecraft:crouch_one_cm":218582,"minecraft:mob_kills":235,"minecraft:climb_one_cm":12528,"minecraft:walk_one_cm":3956946,"minecraft:walk_under_water_one_cm":1340776,"minecraft:boat_one_cm":28608,"minecraft:damage_taken":2703,"minecraft:trigger_trapped_chest":78,"minecraft:minecart_one_cm":51460,"minecraft:pig_one_cm":170166,"minecraft:aviate_one_cm":156888},"minecraft:used":{"minecraft:peony":3,"minecraft:nether_brick_fence":142,"minecraft:jack_o_lantern":1,"minecraft:writable_book":82,"minecraft:dispenser":11,"minecraft:spruce_slab":6,"minecraft:poppy":1,"minecraft:ladder":9,"minecraft:chest":14,"minecraft:stone":886,"minecraft:quartz_stairs":609,"minecraft:farmland":75,"minecraft:tube_coral":6,"minecraft:chiseled_red_sandstone":2,"minecraft:soul_sand":18,"minecraft:cocoa_beans":4,"minecraft:allium":4,"minecraft:orange_wool":1,"minecraft:acacia_sapling":1,"minecraft:azure_bluet":2,"minecraft:stripped_spruce_log":9,"minecraft:spruce_boat":14,"minecraft:jungle_sapling":2,"minecraft:packed_ice":1,"minecraft:lava_bucket":138,"minecraft:quartz_pillar":1071,"minecraft:villager_spawn_egg":1,"minecraft:red_wool":70,"minecraft:grass_block":1959,"minecraft:birch_sapling":4,"minecraft:quartz_block":1,"minecraft:wet_sponge":2,"minecraft:dark_oak_leaves":1,"minecraft:stone_brick_stairs":763,"minecraft:infested_mossy_stone_bricks":1,"minecraft:bow":62,"minecraft:snow":1,"minecraft:yellow_glazed_terracotta":20,"minecraft:oak_sapling":2,"minecraft:furnace":8,"minecraft:acacia_fence":11,"minecraft:potato":9,"minecraft:dragon_head":9,"minecraft:seagrass":9,"minecraft:dark_prismarine_stairs":18,"minecraft:lime_glazed_terracotta":51,"minecraft:emerald_ore":5,"minecraft:mossy_stone_bricks":138,"minecraft:diorite":2,"minecraft:cow_spawn_egg":6,"minecraft:end_stone_bricks":368,"minecraft:spruce_door":7,"minecraft:powered_rail":20,"minecraft:stripped_birch_log":514,"minecraft:red_stained_glass":6,"minecraft:prismarine":1,"minecraft:lily_pad":3,"minecraft:orange_tulip":1,"minecraft:cactus":6,"minecraft:black_glazed_terracotta":14,"minecraft:parrot_spawn_egg":10,"minecraft:clay":8,"minecraft:purpur_pillar":410,"minecraft:oak_leaves":1,"minecraft:sand":63,"minecraft:purpur_stairs":52,"minecraft:acacia_leaves":1,"minecraft:blue_ice":1,"minecraft:chiseled_quartz_block":34,"minecraft:gray_concrete":56,"minecraft:birch_fence":276,"minecraft:red_sandstone":85,"minecraft:chiseled_sandstone":11,"minecraft:birch_slab":114,"minecraft:zombie_head":1,"minecraft:stone_button":148,"minecraft:polished_granite":1,"minecraft:oak_pressure_plate":12,"minecraft:diamond_ore":8,"minecraft:cut_red_sandstone":3,"minecraft:lilac":3,"minecraft:coal_block":149,"minecraft:nether_wart_block":2,"minecraft:diamond_sword":475,"minecraft:bubble_coral_block":83,"minecraft:birch_log":1,"minecraft:ice":1,"minecraft:oak_trapdoor":4,"minecraft:iron_bars":85,"minecraft:enchanting_table":5,"minecraft:dead_tube_coral_block":3,"minecraft:acacia_log":1,"minecraft:orange_concrete":8,"minecraft:dead_bush":2,"minecraft:carved_pumpkin":1,"minecraft:armor_stand":396,"minecraft:red_concrete":65,"minecraft:mycelium":172,"minecraft:wither_skeleton_spawn_egg":8,"minecraft:structure_block":10,"minecraft:netherrack":173,"minecraft:torch":8,"minecraft:orange_stained_glass":7,"minecraft:green_glazed_terracotta":18,"minecraft:dragon_egg":60,"minecraft:brewing_stand":11,"minecraft:anvil":8,"minecraft:chorus_flower":4,"minecraft:nether_quartz_ore":4,"minecraft:dead_tube_coral":2,"minecraft:light_gray_glazed_terracotta":21,"minecraft:blue_concrete":92,"minecraft:nether_brick_stairs":38,"minecraft:oak_fence_gate":3,"minecraft:polished_diorite":1,"minecraft:sea_lantern":357,"minecraft:chipped_anvil":9,"minecraft:cyan_shulker_box":11,"minecraft:iron_block":47,"minecraft:light_weighted_pressure_plate":4,"minecraft:slime_block":14,"minecraft:spruce_button":3,"minecraft:jungle_log":13,"minecraft:chicken_spawn_egg":3,"minecraft:smooth_quartz":2,"minecraft:tripwire_hook":11,"minecraft:purple_concrete":27,"minecraft:glowstone":52,"minecraft:lime_concrete":90,"minecraft:tall_grass":2,"minecraft:gray_glazed_terracotta":19,"minecraft:iron_trapdoor":38,"minecraft:podzol":20,"minecraft:trapped_chest":6,"minecraft:acacia_planks":1,"minecraft:observer":9,"minecraft:wheat_seeds":7,"minecraft:water_bucket":223,"minecraft:light_blue_shulker_box":58,"minecraft:light_blue_glazed_terracotta":16,"minecraft:tube_coral_block":153,"minecraft:birch_planks":1,"minecraft:sandstone_stairs":461,"minecraft:prismarine_brick_slab":188,"minecraft:bubble_coral_fan":40,"minecraft:red_mushroom_block":9,"minecraft:cauldron":3,"minecraft:sheep_spawn_egg":1978,"minecraft:spruce_fence_gate":14,"minecraft:horse_spawn_egg":7,"minecraft:gold_ore":15,"minecraft:conduit":1,"minecraft:cracked_stone_bricks":376,"minecraft:cyan_glazed_terracotta":61,"minecraft:mossy_cobblestone":85,"minecraft:diamond_block":9,"minecraft:lime_terracotta":2,"minecraft:rail":28,"minecraft:comparator":11,"minecraft:vine":8,"minecraft:oak_slab":39,"minecraft:tnt":1,"minecraft:crafting_table":10,"minecraft:phantom_spawn_egg":685,"minecraft:fire_coral":5,"minecraft:cake":6,"minecraft:spruce_log":11,"minecraft:mushroom_stem":8,"minecraft:oak_log":1309,"minecraft:dark_prismarine":362,"minecraft:ender_eye":12,"minecraft:oxeye_daisy":1,"minecraft:ghast_spawn_egg":13,"minecraft:stripped_jungle_log":1,"minecraft:oak_button":47,"minecraft:pig_spawn_egg":5,"minecraft:spruce_pressure_plate":1,"minecraft:cyan_concrete":58,"minecraft:spruce_trapdoor":103,"minecraft:spruce_sapling":5,"minecraft:green_carpet":6,"minecraft:chiseled_stone_bricks":3,"minecraft:cobblestone":296,"minecraft:sandstone_slab":2,"minecraft:glass_pane":32,"minecraft:repeating_command_block":1,"minecraft:end_portal_frame":34,"minecraft:stripped_oak_log":2,"minecraft:husk_spawn_egg":2,"minecraft:kelp":30,"minecraft:dandelion":2,"minecraft:jukebox":1,"minecraft:light_blue_banner":3,"minecraft:red_sand":4,"minecraft:dead_tube_coral_fan":5,"minecraft:carrot_on_a_stick":24,"minecraft:bone_block":19,"minecraft:diamond_hoe":14,"minecraft:creeper_head":1,"minecraft:grass":1,"minecraft:player_head":1,"minecraft:spruce_leaves":5,"minecraft:mooshroom_spawn_egg":1,"minecraft:jungle_planks":1,"minecraft:nether_bricks":488,"minecraft:prismarine_brick_stairs":107,"minecraft:carrot":6,"minecraft:furnace_minecart":1,"minecraft:obsidian":109,"minecraft:bricks":2,"minecraft:coal_ore":5,"minecraft:quartz_slab":314,"minecraft:spruce_wood":5,"minecraft:blue_orchid":2,"minecraft:green_wool":5,"minecraft:light_blue_bed":2,"minecraft:tropical_fish_spawn_egg":295,"minecraft:stone_bricks":1059,"minecraft:slime_spawn_egg":65,"minecraft:item_frame":38,"minecraft:bedrock":75,"minecraft:birch_trapdoor":2,"minecraft:repeater":9,"minecraft:redstone_lamp":274,"minecraft:magma_block":1,"minecraft:written_book":287,"minecraft:infested_cracked_stone_bricks":3,"minecraft:blue_shulker_box":3,"minecraft:beetroot_seeds":6,"minecraft:gold_block":25,"minecraft:skeleton_skull":1,"minecraft:large_fern":6,"minecraft:dark_oak_sapling":1,"minecraft:dark_oak_stairs":1,"minecraft:end_rod":60,"minecraft:tube_coral_fan":13,"minecraft:dropper":18,"minecraft:stripped_acacia_log":1,"minecraft:wither_skeleton_skull":4,"minecraft:witch_spawn_egg":2,"minecraft:birch_leaves":1,"minecraft:jungle_fence":1,"minecraft:oak_planks":797,"minecraft:ender_pearl":88,"minecraft:sandstone":495,"minecraft:redstone_block":60,"minecraft:structure_void":1,"minecraft:sugar_cane":7,"minecraft:white_wool":1,"minecraft:infested_chiseled_stone_bricks":1,"minecraft:light_blue_concrete":27,"minecraft:light_blue_wool":23,"minecraft:yellow_concrete":81,"minecraft:sponge":2,"minecraft:note_block":6,"minecraft:lingering_potion":9,"minecraft:end_stone":199,"minecraft:redstone_torch":11,"minecraft:black_terracotta":62,"minecraft:sticky_piston":48,"minecraft:green_concrete":25,"minecraft:lever":183,"minecraft:blue_glazed_terracotta":91,"minecraft:black_concrete":44,"minecraft:daylight_detector":5,"minecraft:dark_oak_log":1,"minecraft:heavy_weighted_pressure_plate":8,"minecraft:light_gray_concrete":13,"minecraft:string":35,"minecraft:cyan_bed":2,"minecraft:brown_stained_glass":1,"minecraft:barrier":601,"minecraft:sign":375,"minecraft:iron_door":5,"minecraft:gravel":50,"minecraft:evoker_spawn_egg":2,"minecraft:zombie_pigman_spawn_egg":3,"minecraft:light_blue_concrete_powder":2,"minecraft:andesite":2,"minecraft:mossy_cobblestone_wall":169,"minecraft:white_concrete":298,"minecraft:coarse_dirt":2,"minecraft:chorus_plant":3,"minecraft:bone_meal":144,"minecraft:oak_fence":598,"minecraft:purpur_block":387,"minecraft:trident":80,"minecraft:jungle_leaves":1,"minecraft:rose_bush":3,"minecraft:flint_and_steel":4,"minecraft:white_tulip":3,"minecraft:redstone_ore":6,"minecraft:redstone":141,"minecraft:pufferfish_spawn_egg":32,"minecraft:spruce_planks":9,"minecraft:ender_chest":2,"minecraft:dried_kelp_block":2,"minecraft:oak_door":4,"minecraft:dirt":67,"minecraft:hopper":32,"minecraft:prismarine_bricks":288,"minecraft:spruce_stairs":123,"minecraft:cobblestone_wall":109,"minecraft:shulker_box":6,"minecraft:oak_wood":169,"minecraft:granite":2,"minecraft:spruce_fence":13,"minecraft:stone_brick_slab":367,"minecraft:dark_oak_planks":1,"minecraft:red_tulip":2,"minecraft:bookshelf":35,"minecraft:oak_stairs":46,"minecraft:smooth_sandstone":573,"minecraft:light_gray_wool":1,"minecraft:emerald_block":7,"minecraft:wolf_spawn_egg":345,"minecraft:salmon_spawn_egg":1160,"minecraft:minecart":6,"minecraft:stone_pressure_plate":1,"minecraft:turtle_egg":7,"minecraft:pumpkin":1,"minecraft:brain_coral_block":2,"minecraft:iron_ore":10,"minecraft:pink_tulip":1,"minecraft:cobblestone_stairs":6,"minecraft:pink_glazed_terracotta":44,"minecraft:snow_block":376,"minecraft:polished_andesite":1,"minecraft:red_nether_bricks":2,"minecraft:purple_glazed_terracotta":16,"minecraft:brown_mushroom":3,"minecraft:cut_sandstone":129,"minecraft:magenta_stained_glass":91,"minecraft:llama_spawn_egg":3,"minecraft:beacon":3,"minecraft:red_glazed_terracotta":43,"minecraft:vindicator_spawn_egg":4,"minecraft:rabbit_spawn_egg":295,"minecraft:terracotta":1,"minecraft:stripped_dark_oak_log":2,"minecraft:lime_bed":3,"minecraft:red_mushroom":2,"minecraft:painting":43,"minecraft:brown_glazed_terracotta":12,"minecraft:infested_stone_bricks":663,"minecraft:cyan_stained_glass":18,"minecraft:piston":23,"minecraft:wooden_hoe":5,"minecraft:flower_pot":3,"minecraft:acacia_stairs":5,"minecraft:activator_rail":9,"minecraft:command_block":85,"minecraft:lapis_ore":5,"minecraft:detector_rail":8,"minecraft:magenta_concrete":2,"minecraft:stone_slab":58,"minecraft:acacia_fence_gate":7,"minecraft:magenta_banner":74,"minecraft:fishing_rod":151,"minecraft:cod_spawn_egg":34,"minecraft:end_crystal":3,"minecraft:chain_command_block":1,"minecraft:lapis_block":1,"minecraft:grass_path":33,"minecraft:sea_pickle":33,"minecraft:smooth_stone":1,"minecraft:birch_stairs":79},"minecraft:crafted":{"minecraft:gold_ingot":38,"minecraft:leather_helmet":1},"minecraft:dropped":{"minecraft:acacia_wood":1,"minecraft:repeating_command_block":1,"minecraft:piston":2,"minecraft:porkchop":13,"minecraft:lapis_lazuli":64,"minecraft:cyan_glazed_terracotta":5,"minecraft:crafting_table":1,"minecraft:red_sandstone":15,"minecraft:sandstone_stairs":4,"minecraft:cookie":2,"minecraft:turtle_spawn_egg":3,"minecraft:spider_spawn_egg":1,"minecraft:cracked_stone_bricks":8,"minecraft:saddle":2,"minecraft:quartz_pillar":12,"minecraft:purpur_stairs":8,"minecraft:bubble_coral_fan":2,"minecraft:rail":3,"minecraft:leather_helmet":1,"minecraft:red_mushroom":1,"minecraft:item_frame":19,"minecraft:light_weighted_pressure_plate":2,"minecraft:gold_block":6,"minecraft:dirt":5,"minecraft:gray_concrete":1,"minecraft:birch_fence":2,"minecraft:stone_button":55,"minecraft:large_fern":1,"minecraft:salmon_spawn_egg":6,"minecraft:tnt_minecart":1,"minecraft:jungle_sapling":1,"minecraft:writable_book":6,"minecraft:gold_nugget":1,"minecraft:bubble_coral_block":1,"minecraft:acacia_fence_gate":3,"minecraft:bone_meal":2,"minecraft:sand":9,"minecraft:fishing_rod":6,"minecraft:birch_stairs":2,"minecraft:end_crystal":8,"minecraft:green_wool":2,"minecraft:note_block":2,"minecraft:magenta_banner":4,"minecraft:emerald_block":1,"minecraft:lever":33,"minecraft:golden_chestplate":1,"minecraft:detector_rail":1,"minecraft:dead_brain_coral":1,"minecraft:birch_sapling":1,"minecraft:obsidian":14,"minecraft:stripped_dark_oak_log":1,"minecraft:oak_planks":16,"minecraft:enchanted_golden_apple":1,"minecraft:end_stone":11,"minecraft:blaze_powder":125,"minecraft:nether_brick_fence":16,"minecraft:jungle_trapdoor":1,"minecraft:dark_oak_fence_gate":1,"minecraft:acacia_button":3,"minecraft:black_glazed_terracotta":3,"minecraft:sea_lantern":7,"minecraft:heavy_weighted_pressure_plate":1,"minecraft:quartz_block":1,"minecraft:jungle_log":1,"minecraft:hopper":2,"minecraft:ladder":1,"minecraft:painting":5,"minecraft:spruce_slab":2,"minecraft:red_nether_bricks":1,"minecraft:end_stone_bricks":8,"minecraft:podzol":1,"minecraft:acacia_fence":2,"minecraft:stone_brick_stairs":23,"minecraft:white_glazed_terracotta":1,"minecraft:egg":2,"minecraft:wolf_spawn_egg":2,"minecraft:clock":65,"minecraft:tnt":1,"minecraft:golden_horse_armor":22,"minecraft:creeper_spawn_egg":1,"minecraft:guardian_spawn_egg":2,"minecraft:oak_fence":3,"minecraft:iron_helmet":1,"minecraft:barrier":60,"minecraft:cobblestone":39,"minecraft:elder_guardian_spawn_egg":3,"minecraft:purple_concrete":3,"minecraft:light_gray_glazed_terracotta":4,"minecraft:command_block":30,"minecraft:sheep_spawn_egg":4,"minecraft:spruce_door":3,"minecraft:stripped_jungle_log":67,"minecraft:chicken_spawn_egg":3,"minecraft:chainmail_helmet":1,"minecraft:golden_apple":1,"minecraft:coal_block":7,"minecraft:end_rod":10,"minecraft:sign":112,"minecraft:turtle_egg":4,"minecraft:lava_bucket":10,"minecraft:diamond_horse_armor":4,"minecraft:dark_oak_leaves":1,"minecraft:golden_carrot":1,"minecraft:iron_trapdoor":6,"minecraft:sponge":1,"minecraft:wooden_hoe":2,"minecraft:rose_bush":2,"minecraft:yellow_glazed_terracotta":3,"minecraft:lime_carpet":1,"minecraft:potion":6,"minecraft:dead_bush":1,"minecraft:stripped_birch_log":17,"minecraft:oak_stairs":1,"minecraft:green_glazed_terracotta":2,"minecraft:pumpkin":1,"minecraft:chipped_anvil":2,"minecraft:paper":1,"minecraft:string":9,"minecraft:smooth_sandstone":9,"minecraft:lily_pad":1,"minecraft:trapped_chest":2,"minecraft:stone_brick_slab":4,"minecraft:infested_cracked_stone_bricks":1,"minecraft:snow_block":12,"minecraft:purpur_pillar":6,"minecraft:bricks":3,"minecraft:player_head":2,"minecraft:pufferfish_spawn_egg":1,"minecraft:light_blue_glazed_terracotta":4,"minecraft:cobblestone_wall":9,"minecraft:cocoa_beans":2,"minecraft:chiseled_red_sandstone":1,"minecraft:sticky_piston":5,"minecraft:orange_concrete":1,"minecraft:grass_path":1,"minecraft:name_tag":1,"minecraft:blue_concrete":11,"minecraft:slime_block":1,"minecraft:stone_slab":3,"minecraft:light_gray_concrete":3,"minecraft:white_terracotta":2,"minecraft:magenta_concrete":1,"minecraft:diamond_ore":1,"minecraft:light_blue_concrete":5,"minecraft:nether_bricks":5,"minecraft:shears":3,"minecraft:diamond_sword":22,"minecraft:hay_block":1,"minecraft:rabbit_spawn_egg":4,"minecraft:spruce_boat":4,"minecraft:stone":83,"minecraft:lime_glazed_terracotta":6,"minecraft:sea_pickle":1,"minecraft:spruce_planks":2,"minecraft:diamond_pickaxe":1,"minecraft:carved_pumpkin":3,"minecraft:redstone_torch":3,"minecraft:stone_bricks":20,"minecraft:sandstone":34,"minecraft:red_sand":2,"minecraft:bow":2,"minecraft:horse_spawn_egg":8,"minecraft:magma_block":5,"minecraft:dark_prismarine":7,"minecraft:quartz_slab":4,"minecraft:terracotta":1,"minecraft:nether_brick_stairs":1,"minecraft:shulker_spawn_egg":1,"minecraft:gold_ore":5,"minecraft:blue_shulker_box":1,"minecraft:vindicator_spawn_egg":2,"minecraft:acacia_boat":1,"minecraft:soul_sand":3,"minecraft:llama_spawn_egg":3,"minecraft:oak_log":7,"minecraft:golden_pickaxe":2,"minecraft:purple_glazed_terracotta":3,"minecraft:tube_coral_block":7,"minecraft:jungle_fence":2,"minecraft:tube_coral_fan":3,"minecraft:prismarine_brick_stairs":1,"minecraft:red_wool":1,"minecraft:iron_horse_armor":14,"minecraft:mossy_cobblestone_wall":3,"minecraft:bedrock":5,"minecraft:carrot_on_a_stick":2,"minecraft:birch_slab":1,"minecraft:structure_void":2,"minecraft:orange_glazed_terracotta":1,"minecraft:cobblestone_stairs":1,"minecraft:redstone_lamp":19,"minecraft:wither_skeleton_spawn_egg":2,"minecraft:vex_spawn_egg":1,"minecraft:seagrass":2,"minecraft:cut_sandstone":2,"minecraft:prismarine_brick_slab":2,"minecraft:wet_sponge":1,"minecraft:black_concrete":3,"minecraft:tropical_fish_spawn_egg":1,"minecraft:light_blue_banner":2,"minecraft:birch_log":1,"minecraft:pink_glazed_terracotta":11,"minecraft:armor_stand":18,"minecraft:chorus_plant":1,"minecraft:gravel":2,"minecraft:red_glazed_terracotta":2,"minecraft:purpur_block":10,"minecraft:pig_spawn_egg":2,"minecraft:zombie_pigman_spawn_egg":1,"minecraft:prismarine":1,"minecraft:acacia_stairs":1,"minecraft:mycelium":1,"minecraft:infested_stone_bricks":14,"minecraft:bat_spawn_egg":1,"minecraft:chiseled_stone_bricks":2,"minecraft:cod_spawn_egg":2,"minecraft:trident":2,"minecraft:ocelot_spawn_egg":1,"minecraft:oak_wood":7,"minecraft:dropper":3,"minecraft:beetroot_seeds":1,"minecraft:glowstone":3,"minecraft:birch_door":1,"minecraft:chest":2,"minecraft:iron_bars":12,"minecraft:cyan_concrete":3,"minecraft:prismarine_bricks":2,"minecraft:chain_command_block":5,"minecraft:written_book":60,"minecraft:oak_leaves":4,"minecraft:polished_granite":1,"minecraft:netherrack":4,"minecraft:enchanting_table":3,"minecraft:water_bucket":2,"minecraft:oak_slab":2,"minecraft:vine":1,"minecraft:chorus_flower":2,"minecraft:mossy_cobblestone":7,"minecraft:minecart":1,"minecraft:bookshelf":3,"minecraft:yellow_concrete":14,"minecraft:lead":7,"minecraft:light_blue_concrete_powder":1,"minecraft:parrot_spawn_egg":5,"minecraft:spruce_stairs":2,"minecraft:grass_block":53,"minecraft:iron_block":4,"minecraft:brewing_stand":3,"minecraft:light_blue_wool":2,"minecraft:white_concrete":40,"minecraft:smooth_quartz":1,"minecraft:jungle_door":5,"minecraft:iron_door":1,"minecraft:green_carpet":1,"minecraft:jungle_leaves":1,"minecraft:slime_spawn_egg":3,"minecraft:blue_glazed_terracotta":3,"minecraft:cactus":4,"minecraft:tripwire_hook":3,"minecraft:redstone_block":8,"minecraft:chiseled_sandstone":2,"minecraft:redstone":22,"minecraft:polished_diorite":1,"minecraft:farmland":3,"minecraft:red_concrete":1,"minecraft:anvil":2,"minecraft:kelp":3,"minecraft:dragon_head":8,"minecraft:coarse_dirt":1,"minecraft:chiseled_quartz_block":3,"minecraft:jukebox":1,"minecraft:gray_glazed_terracotta":3,"minecraft:lime_concrete":17,"minecraft:brown_glazed_terracotta":2,"minecraft:birch_pressure_plate":1,"minecraft:light_gray_wool":1,"minecraft:comparator":3,"minecraft:phantom_spawn_egg":1,"minecraft:green_concrete":7,"minecraft:ender_eye":1,"minecraft:dolphin_spawn_egg":1,"minecraft:acacia_leaves":1,"minecraft:glass_pane":2,"minecraft:cut_red_sandstone":1,"minecraft:flint_and_steel":4,"minecraft:snow":1,"minecraft:oak_button":10,"minecraft:dragon_egg":16,"minecraft:iron_chestplate":1,"minecraft:cake":2,"minecraft:quartz_stairs":6,"minecraft:mossy_stone_bricks":5,"minecraft:fire_coral":1,"minecraft:oak_sapling":1,"minecraft:end_portal_frame":3,"minecraft:cow_spawn_egg":3,"minecraft:beacon":1,"minecraft:nether_quartz_ore":2,"minecraft:light_blue_shulker_box":1},"minecraft:killed":{"minecraft:pufferfish":5,"minecraft:shulker":1,"minecraft:skeleton":4,"minecraft:chicken":3,"minecraft:tropical_fish":6,"minecraft:parrot":3,"minecraft:salmon":1,"minecraft:cow":2,"minecraft:evoker":2,"minecraft:zombie_pigman":1,"minecraft:horse":7,"minecraft:snow_golem":1,"minecraft:ocelot":4,"minecraft:rabbit":2,"minecraft:turtle":121,"minecraft:pig":3,"minecraft:creeper":1,"minecraft:stray":3,"minecraft:ghast":2,"minecraft:slime":36,"minecraft:phantom":2,"minecraft:llama":3,"minecraft:bat":6},"minecraft:picked_up":{"minecraft:birch_door":1,"minecraft:anvil":1,"minecraft:magenta_carpet":1,"minecraft:lead":13,"minecraft:diamond_sword":4,"minecraft:blue_concrete":1,"minecraft:string":1,"minecraft:diamond_leggings":2,"minecraft:gold_nugget":1,"minecraft:written_book":17,"minecraft:enchanted_golden_apple":1,"minecraft:purpur_pillar":1,"minecraft:pink_carpet":3,"minecraft:lime_carpet":1,"minecraft:command_block":2,"minecraft:carved_pumpkin":2,"minecraft:magma_block":3,"minecraft:barrier":10,"minecraft:iron_door":2,"minecraft:acacia_leaves":1,"minecraft:lever":22,"minecraft:writable_book":1,"minecraft:spruce_button":2,"minecraft:horse_spawn_egg":1,"minecraft:golden_horse_armor":23,"minecraft:bricks":1,"minecraft:golden_pickaxe":1,"minecraft:dragon_head":2,"minecraft:acacia_button":2,"minecraft:heavy_weighted_pressure_plate":1,"minecraft:flint_and_steel":1,"minecraft:jungle_sapling":1,"minecraft:birch_sapling":1,"minecraft:quartz_stairs":1,"minecraft:egg":3,"minecraft:sandstone":1,"minecraft:stone":10,"minecraft:redstone":25,"minecraft:carrot":8,"minecraft:blue_carpet":1,"minecraft:diamond_chestplate":1,"minecraft:shears":1,"minecraft:diamond_boots":2,"minecraft:gold_ingot":1,"minecraft:tube_coral_block":2,"minecraft:rail":4,"minecraft:tripwire_hook":7,"minecraft:jungle_fence":1,"minecraft:red_mushroom":1,"minecraft:end_portal_frame":1,"minecraft:oak_log":1,"minecraft:lily_pad":1,"minecraft:light_gray_glazed_terracotta":1,"minecraft:light_blue_banner":1,"minecraft:kelp":2,"minecraft:light_blue_glazed_terracotta":1,"minecraft:gravel":1,"minecraft:spruce_sapling":4,"minecraft:dragon_egg":1,"minecraft:sea_lantern":1,"minecraft:leather_helmet":1,"minecraft:painting":3,"minecraft:oak_button":15,"minecraft:black_carpet":1,"minecraft:iron_trapdoor":1,"minecraft:nether_brick_fence":1,"minecraft:potion":8,"minecraft:turtle_egg":2,"minecraft:stone_brick_stairs":2,"minecraft:armor_stand":3,"minecraft:activator_rail":1,"minecraft:sea_pickle":2,"minecraft:dark_oak_leaves":1,"minecraft:light_weighted_pressure_plate":1,"minecraft:ender_eye":1,"minecraft:stick":63,"minecraft:jungle_door":5,"minecraft:cactus":14,"minecraft:blaze_powder":125,"minecraft:cobblestone":11,"minecraft:enchanting_table":2,"minecraft:jungle_pressure_plate":1,"minecraft:cod_spawn_egg":1,"minecraft:potato":2,"minecraft:lapis_lazuli":1,"minecraft:stripped_birch_log":1,"minecraft:sign":86,"minecraft:bow":2,"minecraft:wheat_seeds":5,"minecraft:powered_rail":2,"minecraft:oak_planks":2,"minecraft:oak_pressure_plate":4,"minecraft:sand":2,"minecraft:dead_bush":1,"minecraft:grass_block":6,"minecraft:dark_prismarine":1,"minecraft:jungle_leaves":1,"minecraft:diamond":2,"minecraft:white_concrete":1,"minecraft:golden_apple":1,"minecraft:oak_leaves":4,"minecraft:fishing_rod":2,"minecraft:ladder":5,"minecraft:diamond_horse_armor":11,"minecraft:large_fern":1,"minecraft:item_frame":41,"minecraft:quartz_slab":1,"minecraft:salmon_spawn_egg":1,"minecraft:detector_rail":1,"minecraft:sugar_cane":15,"minecraft:dark_oak_sapling":3,"minecraft:end_stone":1,"minecraft:stone_button":33,"minecraft:cookie":1,"minecraft:trident":1,"minecraft:light_blue_bed":2,"minecraft:iron_horse_armor":15,"minecraft:saddle":14,"minecraft:dark_oak_button":1,"minecraft:magenta_banner":13,"minecraft:golden_carrot":1,"minecraft:carrot_on_a_stick":1,"minecraft:cobblestone_wall":2,"minecraft:red_sandstone":1,"minecraft:purple_concrete":1,"minecraft:gold_ore":65,"minecraft:spruce_door":1,"minecraft:spider_eye":63,"minecraft:stripped_jungle_log":1}},"DataVersion":1631}